ID,Study ID,Reference,Grouping,Victim,Perpetrator,Route Victim,Route Perpetrator,Mechanism,Compartment,AUCR Avg,AUCR AvgType,AUCR Var,AUCR VarType,CmaxR Avg,CmaxR AvgType,CmaxR Var,CmaxR VarType,t_placebo_0,t_placebo_end,t_treatment_0,t_treatment_end,t Unit,R Dose correction factor,Comment,Dose,Dose free API,Dose Unit,Route,Times of Administration,Times Unit,Description,Comment Regimen,Administered form,Formulation type,Infusion duration [min],Water volume ingested for drug intake [mL],Comment on administration/formulation,Fasted/Fed state,Duration of fasting before drug administration [h],Duration of fasting after drug administration [h],Comment on food intake
900001,Kovar 2022,https://doi.org/10.3390/pharmaceutics14122604,DGI-CLO-CLO_AS0_vs_AS2,(E)-clomiphene,,PO,,CYP2D6 activity score,Plasma,10.230,,,,4.117,,,,0,72.000,0,72.000,h,1,DGI ratio AS0 vs AS2 derived from parent observed concentration-time profiles using the common 72.000 h integration window.,42,,mg,PO,0,h,,,,,,,,,,,
900002,Kovar 2022,https://doi.org/10.3390/pharmaceutics14122604,DGI-CLO-CLO_AS0.5_vs_AS2,(E)-clomiphene,,PO,,CYP2D6 activity score,Plasma,4.248,,,,2.486,,,,0,72.000,0,72.000,h,1,DGI ratio AS0.5 vs AS2 derived from parent observed concentration-time profiles using the common 72.000 h integration window.,42,,mg,PO,0,h,,,,,,,,,,,
900003,Kovar 2022,https://doi.org/10.3390/pharmaceutics14122604,DGI-CLO-CLO_AS0.75_vs_AS2,(E)-clomiphene,,PO,,CYP2D6 activity score,Plasma,1.246,,,,0.921,,,,0,72.000,0,72.000,h,1,DGI ratio AS0.75 vs AS2 derived from parent observed concentration-time profiles using the common 72.000 h integration window.,42,,mg,PO,0,h,,,,,,,,,,,
900004,Kovar 2022,https://doi.org/10.3390/pharmaceutics14122604,DGI-CLO-CLO_AS1_vs_AS2,(E)-clomiphene,,PO,,CYP2D6 activity score,Plasma,1.110,,,,0.789,,,,0,72.000,0,72.000,h,1,DGI ratio AS1 vs AS2 derived from parent observed concentration-time profiles using the common 72.000 h integration window.,42,,mg,PO,0,h,,,,,,,,,,,
900005,Kovar 2022,https://doi.org/10.3390/pharmaceutics14122604,DGI-CLO-CLO_AS3_vs_AS2,(E)-clomiphene,,PO,,CYP2D6 activity score,Plasma,0.805,,,,0.714,,,,0,72.000,0,72.000,h,1,DGI ratio AS3 vs AS2 derived from parent observed concentration-time profiles using the common 72.000 h integration window.,42,,mg,PO,0,h,,,,,,,,,,,
900006,Kovar 2022,https://doi.org/10.3390/pharmaceutics14122604,DGI-CLO-OHC_AS0_vs_AS2,(E)-4-hydroxyclomiphene,,PO,,CYP2D6 activity score,Plasma,0.398,,,,0.078,,,,0,168.000,0,168.000,h,1,DGI ratio AS0 vs AS2 derived from parent observed concentration-time profiles using the common 168.000 h integration window.,42,,mg,PO,0,h,,,,,,,,,,,
900007,Kovar 2022,https://doi.org/10.3390/pharmaceutics14122604,DGI-CLO-OHC_AS0.5_vs_AS2,(E)-4-hydroxyclomiphene,,PO,,CYP2D6 activity score,Plasma,2.285,,,,0.922,,,,0,168.000,0,168.000,h,1,DGI ratio AS0.5 vs AS2 derived from parent observed concentration-time profiles using the common 168.000 h integration window.,42,,mg,PO,0,h,,,,,,,,,,,
900008,Kovar 2022,https://doi.org/10.3390/pharmaceutics14122604,DGI-CLO-OHC_AS0.75_vs_AS2,(E)-4-hydroxyclomiphene,,PO,,CYP2D6 activity score,Plasma,1.098,,,,0.848,,,,0,168.000,0,168.000,h,1,DGI ratio AS0.75 vs AS2 derived from parent observed concentration-time profiles using the common 168.000 h integration window.,42,,mg,PO,0,h,,,,,,,,,,,
900009,Kovar 2022,https://doi.org/10.3390/pharmaceutics14122604,DGI-CLO-OHC_AS1_vs_AS2,(E)-4-hydroxyclomiphene,,PO,,CYP2D6 activity score,Plasma,0.997,,,,0.591,,,,0,168.000,0,168.000,h,1,DGI ratio AS1 vs AS2 derived from parent observed concentration-time profiles using the common 168.000 h integration window.,42,,mg,PO,0,h,,,,,,,,,,,
900010,Kovar 2022,https://doi.org/10.3390/pharmaceutics14122604,DGI-CLO-OHC_AS3_vs_AS2,(E)-4-hydroxyclomiphene,,PO,,CYP2D6 activity score,Plasma,0.424,,,,0.589,,,,0,168.000,0,168.000,h,1,DGI ratio AS3 vs AS2 derived from parent observed concentration-time profiles using the common 168.000 h integration window.,42,,mg,PO,0,h,,,,,,,,,,,
900011,Kovar 2022,https://doi.org/10.3390/pharmaceutics14122604,DGI-CLO-NDC_AS0_vs_AS2,(E)-N-desethylclomiphene,,PO,,CYP2D6 activity score,Plasma,25.840,,,,6.071,,,,0,72.000,0,72.000,h,1,DGI ratio AS0 vs AS2 derived from parent observed concentration-time profiles using the common 72.000 h integration window.,42,,mg,PO,0,h,,,,,,,,,,,
900012,Kovar 2022,https://doi.org/10.3390/pharmaceutics14122604,DGI-CLO-NDC_AS0.5_vs_AS2,(E)-N-desethylclomiphene,,PO,,CYP2D6 activity score,Plasma,6.437,,,,3.299,,,,0,72.000,0,72.000,h,1,DGI ratio AS0.5 vs AS2 derived from parent observed concentration-time profiles using the common 72.000 h integration window.,42,,mg,PO,0,h,,,,,,,,,,,
900013,Kovar 2022,https://doi.org/10.3390/pharmaceutics14122604,DGI-CLO-NDC_AS0.75_vs_AS2,(E)-N-desethylclomiphene,,PO,,CYP2D6 activity score,Plasma,1.503,,,,1.419,,,,0,72.000,0,72.000,h,1,DGI ratio AS0.75 vs AS2 derived from parent observed concentration-time profiles using the common 72.000 h integration window.,42,,mg,PO,0,h,,,,,,,,,,,
900014,Kovar 2022,https://doi.org/10.3390/pharmaceutics14122604,DGI-CLO-NDC_AS1_vs_AS2,(E)-N-desethylclomiphene,,PO,,CYP2D6 activity score,Plasma,1.171,,,,0.574,,,,0,72.000,0,72.000,h,1,DGI ratio AS1 vs AS2 derived from parent observed concentration-time profiles using the common 72.000 h integration window.,42,,mg,PO,0,h,,,,,,,,,,,
900015,Kovar 2022,https://doi.org/10.3390/pharmaceutics14122604,DGI-CLO-NDC_AS3_vs_AS2,(E)-N-desethylclomiphene,,PO,,CYP2D6 activity score,Plasma,0.399,,,,0.428,,,,0,72.000,0,72.000,h,1,DGI ratio AS3 vs AS2 derived from parent observed concentration-time profiles using the common 72.000 h integration window.,42,,mg,PO,0,h,,,,,,,,,,,
900016,Kovar 2022,https://doi.org/10.3390/pharmaceutics14122604,DGI-CLO-HDC_AS0_vs_AS2,(E)-4-hydroxy-N-desethylclomiphene,,PO,,CYP2D6 activity score,Plasma,0.286,,,,0.058,,,,0,168.000,0,168.000,h,1,DGI ratio AS0 vs AS2 derived from parent observed concentration-time profiles using the common 168.000 h integration window.,42,,mg,PO,0,h,,,,,,,,,,,
900017,Kovar 2022,https://doi.org/10.3390/pharmaceutics14122604,DGI-CLO-HDC_AS0.5_vs_AS2,(E)-4-hydroxy-N-desethylclomiphene,,PO,,CYP2D6 activity score,Plasma,2.748,,,,1.019,,,,0,168.000,0,168.000,h,1,DGI ratio AS0.5 vs AS2 derived from parent observed concentration-time profiles using the common 168.000 h integration window.,42,,mg,PO,0,h,,,,,,,,,,,
900018,Kovar 2022,https://doi.org/10.3390/pharmaceutics14122604,DGI-CLO-HDC_AS0.75_vs_AS2,(E)-4-hydroxy-N-desethylclomiphene,,PO,,CYP2D6 activity score,Plasma,1.159,,,,1.070,,,,0,168.000,0,168.000,h,1,DGI ratio AS0.75 vs AS2 derived from parent observed concentration-time profiles using the common 168.000 h integration window.,42,,mg,PO,0,h,,,,,,,,,,,
900019,Kovar 2022,https://doi.org/10.3390/pharmaceutics14122604,DGI-CLO-HDC_AS1_vs_AS2,(E)-4-hydroxy-N-desethylclomiphene,,PO,,CYP2D6 activity score,Plasma,0.837,,,,0.657,,,,0,168.000,0,168.000,h,1,DGI ratio AS1 vs AS2 derived from parent observed concentration-time profiles using the common 168.000 h integration window.,42,,mg,PO,0,h,,,,,,,,,,,
900020,Kovar 2022,https://doi.org/10.3390/pharmaceutics14122604,DGI-CLO-HDC_AS3_vs_AS2,(E)-4-hydroxy-N-desethylclomiphene,,PO,,CYP2D6 activity score,Plasma,0.372,,,,0.563,,,,0,168.000,0,168.000,h,1,DGI ratio AS3 vs AS2 derived from parent observed concentration-time profiles using the common 168.000 h integration window.,42,,mg,PO,0,h,,,,,,,,,,,
900021,Byeon 2015,,DGI-ATO-Byeon_AS0.5_vs_AS2,Atomoxetine,,PO,,CYP2D6 activity score,Plasma,2.643,,,,1.744,,,,0,11.973,0,11.973,h,1,DGI ratio AS0.5 vs AS2 derived from parent observed concentration-time profiles using the common 11.973 h integration window.,40,,mg,PO,0,h,,,,,,,,,,,
900022,Byeon 2015,,DGI-ATO-Byeon_AS1.25_vs_AS2,Atomoxetine,,PO,,CYP2D6 activity score,Plasma,1.360,,,,1.148,,,,0,11.955,0,11.955,h,1,DGI ratio AS1.25 vs AS2 derived from parent observed concentration-time profiles using the common 11.955 h integration window.,40,,mg,PO,0,h,,,,,,,,,,,
900023,Kim 2018,,DGI-ATO-Kim_AS0.5_vs_AS2,Atomoxetine,,PO,,CYP2D6 activity score,Plasma,2.769,,,,1.613,,,,0,11.963,0,11.963,h,1,DGI ratio AS0.5 vs AS2 derived from parent observed concentration-time profiles using the common 11.963 h integration window.,20,,mg,PO,0,h,,,,,,,,,,,
900024,Novalbos 2010,https://doi.org/10.1097/JCP.0b013e3181ee84c7,DGI-RIS-Novalbos_AS0_vs_AS2,Risperidone,,PO,,CYP2D6 activity score,Plasma,5.671,,,,1.813,,,,0,24.009,0,24.009,h,1,DGI ratio AS0 vs AS2 derived from parent observed concentration-time profiles using the common 24.009 h integration window.,1,,mg,PO,0,h,,,,,,,,,,,
900025,Novalbos 2010,https://doi.org/10.1097/JCP.0b013e3181ee84c7,DGI-RIS-Novalbos_AS1_vs_AS2,Risperidone,,PO,,CYP2D6 activity score,Plasma,2.663,,,,1.437,,,,0,23.988,0,23.988,h,1,DGI ratio AS1 vs AS2 derived from parent observed concentration-time profiles using the common 23.988 h integration window.,1,,mg,PO,0,h,,,,,,,,,,,
900026,Novalbos 2010,https://doi.org/10.1097/JCP.0b013e3181ee84c7,DGI-RIS-Novalbos_AS3_vs_AS2,Risperidone,,PO,,CYP2D6 activity score,Plasma,0.687,,,,0.684,,,,0,11.965,0,11.965,h,1,DGI ratio AS3 vs AS2 derived from parent observed concentration-time profiles using the common 11.965 h integration window.,1,,mg,PO,0,h,,,,,,,,,,,
900027,Novalbos 2010,https://doi.org/10.1097/JCP.0b013e3181ee84c7,DGI-OHR-Novalbos_AS0_vs_AS2,9-Hydroxyrisperidone,,PO,,CYP2D6 activity score,Plasma,0.262,,,,0.155,,,,0,48.000,0,48.000,h,1,DGI ratio AS0 vs AS2 derived from parent observed concentration-time profiles using the common 48.000 h integration window.,1,,mg,PO,0,h,,,,,,,,,,,
900028,Novalbos 2010,https://doi.org/10.1097/JCP.0b013e3181ee84c7,DGI-OHR-Novalbos_AS1_vs_AS2,9-Hydroxyrisperidone,,PO,,CYP2D6 activity score,Plasma,0.914,,,,0.785,,,,0,48.000,0,48.000,h,1,DGI ratio AS1 vs AS2 derived from parent observed concentration-time profiles using the common 48.000 h integration window.,1,,mg,PO,0,h,,,,,,,,,,,
900029,Novalbos 2010,https://doi.org/10.1097/JCP.0b013e3181ee84c7,DGI-OHR-Novalbos_AS3_vs_AS2,9-Hydroxyrisperidone,,PO,,CYP2D6 activity score,Plasma,1.009,,,,1.088,,,,0,48.000,0,48.000,h,1,DGI ratio AS3 vs AS2 derived from parent observed concentration-time profiles using the common 48.000 h integration window.,1,,mg,PO,0,h,,,,,,,,,,,
900030,Jung 2020,,DGI-ATO-Jung2020_AS0_vs_AS2,Atomoxetine,,PO,,CYP2D6 activity score,Plasma,3.260,,,,1.570,,,,0,24.000,0,24.000,h,1,DGI ratio AS0 / AS2 from Rüdesheim et al. 2025 supplement Table S13. AUC tlast 24 h; Cmax tlast 24 h.,20,,mg,PO,0,h,,,,,,,,,,,
900031,Jung 2020,,DGI-ATO-Jung2020_AS1.25_vs_AS2,Atomoxetine,,PO,,CYP2D6 activity score,Plasma,1.860,,,,1.210,,,,0,24.000,0,24.000,h,1,DGI ratio AS1.25 / AS2 from Rüdesheim et al. 2025 supplement Table S13. AUC tlast 24 h; Cmax tlast 24 h.,20,,mg,PO,0,h,,,,,,,,,,,
900032,Sauer 2003,,DGI-ATO-Sauer2003_PM_vs_NM,Atomoxetine,,PO,,CYP2D6 activity score,Plasma,9.840,,,,5.430,,,,0,216.000,0,216.000,h,1,DGI ratio PM / NM from Rüdesheim et al. 2025 supplement Table S13. AUC tlast 216 h; Cmax tlast 72 h.,20,,mg,PO,0,h,,,,,,,,,,,
900033,Todor 2016,,DGI-ATO-Todor2016_PM_vs_NM,Atomoxetine,,PO,,CYP2D6 activity score,Plasma,3.680,,,,1.860,,,,0,48.000,0,48.000,h,1,DGI ratio PM / NM from Rüdesheim et al. 2025 supplement Table S13. AUC tlast 48 h; Cmax tlast 48 h.,25,,mg,PO,0,h,,,,,,,,,,,
900034,Brøsen 1988,,DGI-DES-Brsen1988_PM_vs_NM,Desipramine,,IV,,CYP2D6 activity score,Plasma,4.450,,,,1.290,,,,0,432.000,0,432.000,h,1,DGI ratio PM / NM from Rüdesheim et al. 2025 supplement Table S13. AUC tlast 432 h; Cmax tlast 72 h.,50,,mg,IV,0,h,,,,,,,,,,,
900035,Brøsen 1988,,DGI-DES-Brsen1988_fastNM_vs_NM,Desipramine,,IV,,CYP2D6 activity score,Plasma,0.880,,,,1.280,,,,0,72.000,0,72.000,h,1,DGI ratio fast NM / NM from Rüdesheim et al. 2025 supplement Table S13. AUC tlast 72 h; Cmax tlast 72 h.,50,,mg,IV,0,h,,,,,,,,,,,
900036,Spina 1987,,DGI-DES-Spina1987_PM_vs_NM,Desipramine,,PO,,CYP2D6 activity score,Plasma,4.640,,,,1.800,,,,0,96.000,0,96.000,h,1,DGI ratio PM / NM from Rüdesheim et al. 2025 supplement Table S13. AUC tlast 96 h; Cmax tlast 48 h.,25,,mg,PO,0,h,,,,,,,,,,,
900037,Brøsen 1993,,DGI-DES-Brsen1993_PM_vs_NM,Desipramine,,PO,,CYP2D6 activity score,Plasma,4.560,,,,1.660,,,,0,240.000,0,240.000,h,1,DGI ratio PM / NM from Rüdesheim et al. 2025 supplement Table S13. AUC tlast 240 h; Cmax tlast 72 h.,100,,mg,PO,0,h,,,,,,,,,,,
900038,Brøsen 1993,,DGI-DES-Brsen1993_fastNM_vs_NM,Desipramine,,PO,,CYP2D6 activity score,Plasma,0.340,,,,0.530,,,,0,48.000,0,48.000,h,1,DGI ratio fast NM / NM from Rüdesheim et al. 2025 supplement Table S13. AUC tlast 48 h; Cmax tlast 72 h.,100,,mg,PO,0,h,,,,,,,,,,,
900039,Brøsen 1993,,DGI-OHD-Brsen1993_fastNM_vs_NM,2-Hydroxydesipramine,,PO,,CYP2D6 activity score,Plasma,0.840,,,,1.540,,,,0,72.000,0,72.000,h,1,DGI ratio fast NM / NM from Rüdesheim et al. 2025 supplement Table S13. AUC tlast 72 h; Cmax tlast 72 h.,100,,mg,PO,0,h,,,,,,,,,,,
900040,Bergmann 2001,,DGI-DES-Bergmann2001_AS2.5_vs_AS2,Desipramine,,PO,,CYP2D6 activity score,Plasma,0.520,,,,0.600,,,,0,14.000,0,14.000,h,1,DGI ratio AS2.5 / AS2 from Rüdesheim et al. 2025 supplement Table S13. AUC tlast 14 h; Cmax tlast 14 h.,100,,mg,PO,0,h,,,,,,,,,,,
900041,Bergmann 2001,,DGI-OHD-Bergmann2001_AS2.5_vs_AS2,2-Hydroxydesipramine,,PO,,CYP2D6 activity score,Plasma,0.920,,,,1.330,,,,0,24.000,0,24.000,h,1,DGI ratio AS2.5 / AS2 from Rüdesheim et al. 2025 supplement Table S13. AUC tlast 24 h; Cmax tlast 24 h.,100,,mg,PO,0,h,,,,,,,,,,,
900042,Brøsen 1986,,DGI-DES-Brsen1986_PM_vs_NM,Desipramine,,PO,,CYP2D6 activity score,Plasma,7.040,,,,1.350,,,,0,408.000,0,408.000,h,1,DGI ratio PM / NM from Rüdesheim et al. 2025 supplement Table S13. AUC tlast 408 h; Cmax tlast 72 h.,100,,mg,PO,0,h,,,,,,,,,,,
900043,Brøsen 1986,,DGI-DES-Brsen1986_fastNM_vs_NM,Desipramine,,PO,,CYP2D6 activity score,Plasma,0.640,,,,0.750,,,,0,72.000,0,72.000,h,1,DGI ratio fast NM / NM from Rüdesheim et al. 2025 supplement Table S13. AUC tlast 72 h; Cmax tlast 72 h.,100,,mg,PO,0,h,,,,,,,,,,,
900044,Brøsen 1986,,DGI-OHD-Brsen1986_fastNM_vs_NM,2-Hydroxydesipramine,,PO,,CYP2D6 activity score,Plasma,1.010,,,,1.990,,,,0,48.000,0,48.000,h,1,DGI ratio fast NM / NM from Rüdesheim et al. 2025 supplement Table S13. AUC tlast 48 h; Cmax tlast 72 h.,100,,mg,PO,0,h,,,,,,,,,,,
900045,Storelli 2018,,DGI-DEX-Storelli2018_IM_vs_NM,Dextromethorphan,,PO,,CYP2D6 activity score,Plasma,3.270,,,,3.130,,,,0,24.000,0,24.000,h,1,DGI ratio AS 1 / AS 2 from Rüdesheim et al. 2025 supplement Table S13; the source study reported these groups as IM / NM. AUC tlast 24 h; Cmax tlast 24 h.,5,,mg,PO,0,h,,,,,,,,,,,
900046,Storelli 2018,,DGI-DXT-Storelli2018_IM_vs_NM,Dextrorphan,,PO,,CYP2D6 activity score,Plasma,1.330,,,,1.160,,,,0,24.000,0,24.000,h,1,DGI ratio AS 1 / AS 2 from Rüdesheim et al. 2025 supplement Table S13; the source study reported these groups as IM / NM. AUC tlast 24 h; Cmax tlast 24 h.,5,,mg,PO,0,h,,,,,,,,,,,
900047,Qiu 2016,,DGI-DEX-Qiu2016_AS0.5_vs_AS2,Dextromethorphan,,PO,,CYP2D6 activity score,Plasma,11.060,,,,12.170,,,,0,24.000,0,24.000,h,1,DGI ratio AS0.5 / AS2 from Rüdesheim et al. 2025 supplement Table S13. AUC tlast 24 h; Cmax tlast 12 h.,15,,mg,PO,0,h,,,,,,,,,,,
900048,Qiu 2016,,DGI-DEX-Qiu2016_AS1.25_vs_AS2,Dextromethorphan,,PO,,CYP2D6 activity score,Plasma,3.100,,,,3.230,,,,0,24.000,0,24.000,h,1,DGI ratio AS1.25 / AS2 from Rüdesheim et al. 2025 supplement Table S13. AUC tlast 24 h; Cmax tlast 12 h.,15,,mg,PO,0,h,,,,,,,,,,,
900049,Yamazaki 2017,,DGI-DEX-Yamazaki2017_AS0.5_vs_AS2,Dextromethorphan,,PO,,CYP2D6 activity score,Plasma,7.670,,,,5.840,,,,0,24.000,0,24.000,h,1,DGI ratio AS0.5 / AS2 from Rüdesheim et al. 2025 supplement Table S13. AUC tlast 24 h; Cmax tlast 24 h.,30,,mg,PO,0,h,,,,,,,,,,,
900050,Capon 1996,,DGI-DEX-Capon1996_PM_vs_NM,Dextromethorphan,,PO,,CYP2D6 activity score,Plasma,5.820,,,,5.710,,,,0,168.000,0,168.000,h,1,DGI ratio PM / NM from Rüdesheim et al. 2025 supplement Table S13. AUC tlast 168 h; Cmax tlast 48 h.,30,,mg,PO,0,h,,,,,,,,,,,
900051,Gorski 2004,,DGI-DEX-Gorski2004_PM_vs_NM,Dextromethorphan,,PO,,CYP2D6 activity score,Plasma,14.290,,,,8.110,,,,0,12.000,0,12.000,h,1,DGI ratio PM / NM from Rüdesheim et al. 2025 supplement Table S13. AUC tlast 12 h; Cmax tlast 12 h.,30,,mg,PO,0,h,,,,,,,,,,,
900052,Leemann 1993,,DGI-MET-Leemann1993_PM_vs_NM,Metoprolol racemate,,IV,,CYP2D6 activity score,Plasma,2.110,,,,1.400,,,,0,8.000,0,8.000,h,1,DGI ratio PM / NM from Rüdesheim et al. 2025 supplement Table S13. AUC tlast 8 h; Cmax tlast 8 h.,20,,mg,IV,0,h,,,,,,,,,,,
900053,Bae 2014,,DGI-MET-Bae2014_AS0.5_vs_AS2,Metoprolol racemate,,PO,,CYP2D6 activity score,Plasma,0.310,,,,0.230,,,,0,24.000,0,24.000,h,1,DGI ratio AS0.5 / AS2 from Rüdesheim et al. 2025 supplement Table S13. AUC tlast 24 h; Cmax tlast 12 h.,100,,mg,PO,0,h,,,,,,,,,,,
900054,Bae 2014,,DGI-OHM-Bae2014_AS0.5_vs_AS2,alpha-Hydroxymetoprolol,,PO,,CYP2D6 activity score,Plasma,5.580,,,,2.770,,,,0,24.000,0,24.000,h,1,DGI ratio AS0.5 / AS2 from Rüdesheim et al. 2025 supplement Table S13. AUC tlast 24 h; Cmax tlast 24 h.,100,,mg,PO,0,h,,,,,,,,,,,
900055,Jin 2008,,DGI-MET-Jin2008_AS0.5_vs_AS2,Metoprolol racemate,,PO,,CYP2D6 activity score,Plasma,4.490,,,,3.180,,,,0,24.000,0,24.000,h,1,DGI ratio AS0.5 / AS2 from Rüdesheim et al. 2025 supplement Table S13. AUC tlast 24 h; Cmax tlast 12 h.,100,,mg,PO,0,h,,,,,,,,,,,
900056,Jin 2008,,DGI-OHM-Jin2008_AS0.5_vs_AS2,alpha-Hydroxymetoprolol,,PO,,CYP2D6 activity score,Plasma,0.490,,,,0.340,,,,0,24.000,0,24.000,h,1,DGI ratio AS0.5 / AS2 from Rüdesheim et al. 2025 supplement Table S13. AUC tlast 24 h; Cmax tlast 24 h.,100,,mg,PO,0,h,,,,,,,,,,,
900057,Jin 2008,,DGI-MET-Jin2008_AS1.25_vs_AS2,Metoprolol racemate,,PO,,CYP2D6 activity score,Plasma,2.080,,,,1.700,,,,0,24.000,0,24.000,h,1,DGI ratio AS1.25 / AS2 from Rüdesheim et al. 2025 supplement Table S13. AUC tlast 24 h; Cmax tlast 12 h.,100,,mg,PO,0,h,,,,,,,,,,,
900058,Jin 2008,,DGI-OHM-Jin2008_AS1.25_vs_AS2,alpha-Hydroxymetoprolol,,PO,,CYP2D6 activity score,Plasma,1.000,,,,0.730,,,,0,24.000,0,24.000,h,1,DGI ratio AS1.25 / AS2 from Rüdesheim et al. 2025 supplement Table S13. AUC tlast 24 h; Cmax tlast 24 h.,100,,mg,PO,0,h,,,,,,,,,,,
900059,Hamelin 2000,,DGI-MET-Hamelin2000_PM_vs_NM,Metoprolol racemate,,PO,,CYP2D6 activity score,Plasma,3.360,,,,2.860,,,,0,48.000,0,48.000,h,1,DGI ratio PM / NM from Rüdesheim et al. 2025 supplement Table S13. AUC tlast 48 h; Cmax tlast 24 h.,100,,mg,PO,0,h,,,,,,,,,,,
900060,Sharma 2005,,DGI-MET-Sharma2005_AS0_vs_AS2,Metoprolol racemate,,PO,,CYP2D6 activity score,Plasma,3.120,,,,2.440,,,,0,48.000,0,48.000,h,1,DGI ratio AS0 / AS2 from Rüdesheim et al. 2025 supplement Table S13. AUC tlast 48 h; Cmax tlast 12 h.,100,,mg,PO,0,h,,,,,,,,,,,
900061,Sharma 2005,,DGI-RME-Sharma2005_AS0_vs_AS2,R-Metoprolol,,PO,,CYP2D6 activity score,Plasma,3.790,,,,2.980,,,,0,48.000,0,48.000,h,1,DGI ratio AS0 / AS2 from Rüdesheim et al. 2025 supplement Table S13. AUC tlast 48 h; Cmax tlast 12 h.,100,,mg,PO,0,h,,,,,,,,,,,
900062,Sharma 2005,,DGI-SME-Sharma2005_AS0_vs_AS2,S-Metoprolol,,PO,,CYP2D6 activity score,Plasma,2.720,,,,2.380,,,,0,48.000,0,48.000,h,1,DGI ratio AS0 / AS2 from Rüdesheim et al. 2025 supplement Table S13. AUC tlast 48 h; Cmax tlast 12 h.,100,,mg,PO,0,h,,,,,,,,,,,
900063,Huang 1999,,DGI-RME-Huang1999_AS0.5_vs_AS2,R-Metoprolol,,PO,,CYP2D6 activity score,Plasma,2.820,,,,2.210,,,,0,12.000,0,12.000,h,1,DGI ratio AS0.5 / AS2 from Rüdesheim et al. 2025 supplement Table S13. AUC tlast 12 h; Cmax tlast 12 h.,100,,mg,PO,0,h,,,,,,,,,,,
900064,Huang 1999,,DGI-SME-Huang1999_AS0.5_vs_AS2,S-Metoprolol,,PO,,CYP2D6 activity score,Plasma,2.170,,,,1.720,,,,0,12.000,0,12.000,h,1,DGI ratio AS0.5 / AS2 from Rüdesheim et al. 2025 supplement Table S13. AUC tlast 12 h; Cmax tlast 12 h.,100,,mg,PO,0,h,,,,,,,,,,,
900065,Huang 1999,,DGI-RME-Huang1999_AS1.25_vs_AS2,R-Metoprolol,,PO,,CYP2D6 activity score,Plasma,1.360,,,,1.190,,,,0,12.000,0,12.000,h,1,DGI ratio AS1.25 / AS2 from Rüdesheim et al. 2025 supplement Table S13. AUC tlast 12 h; Cmax tlast 12 h.,100,,mg,PO,0,h,,,,,,,,,,,
900066,Huang 1999,,DGI-SME-Huang1999_AS1.25_vs_AS2,S-Metoprolol,,PO,,CYP2D6 activity score,Plasma,1.270,,,,1.050,,,,0,12.000,0,12.000,h,1,DGI ratio AS1.25 / AS2 from Rüdesheim et al. 2025 supplement Table S13. AUC tlast 12 h; Cmax tlast 12 h.,100,,mg,PO,0,h,,,,,,,,,,,
900067,Seeringer 2008,,DGI-RME-Seeringer2008_AS0_vs_AS2,R-Metoprolol,,PO,,CYP2D6 activity score,Plasma,7.670,,,,3.360,,,,0,24.000,0,24.000,h,1,DGI ratio AS0 / AS2 from Rüdesheim et al. 2025 supplement Table S13. AUC tlast 24 h; Cmax tlast 24 h.,100,,mg,PO,0,h,,,,,,,,,,,
900068,Seeringer 2008,,DGI-SME-Seeringer2008_AS0_vs_AS2,S-Metoprolol,,PO,,CYP2D6 activity score,Plasma,5.220,,,,2.330,,,,0,24.000,0,24.000,h,1,DGI ratio AS0 / AS2 from Rüdesheim et al. 2025 supplement Table S13. AUC tlast 24 h; Cmax tlast 24 h.,100,,mg,PO,0,h,,,,,,,,,,,
900069,Seeringer 2008,,DGI-RME-Seeringer2008_AS3_vs_AS2,R-Metoprolol,,PO,,CYP2D6 activity score,Plasma,0.390,,,,0.520,,,,0,10.000,0,10.000,h,1,DGI ratio AS3 / AS2 from Rüdesheim et al. 2025 supplement Table S13. AUC tlast 10 h; Cmax tlast 24 h.,100,,mg,PO,0,h,,,,,,,,,,,
900070,Seeringer 2008,,DGI-SME-Seeringer2008_AS3_vs_AS2,S-Metoprolol,,PO,,CYP2D6 activity score,Plasma,0.410,,,,0.590,,,,0,10.000,0,10.000,h,1,DGI ratio AS3 / AS2 from Rüdesheim et al. 2025 supplement Table S13. AUC tlast 10 h; Cmax tlast 24 h.,100,,mg,PO,0,h,,,,,,,,,,,
900071,Labbé 2000,,DGI-MEX-Labb2000_PM_vs_NM,Mexiletine,,PO,,CYP2D6 activity score,Plasma,1.540,,,,1.400,,,,0,12.000,0,12.000,h,1,DGI ratio PM / NM from Rüdesheim et al. 2025 supplement Table S13. AUC tlast 12 h; Cmax tlast 12 h.,100,,mg,PO,0,h,,,,,,,,,,,
900072,Abolfathi 1993,,DGI-MEX-Abolfathi1993_PM_vs_NM,Mexiletine,,PO,,CYP2D6 activity score,Plasma,1.390,,,,1.330,,,,0,48.000,0,48.000,h,1,DGI ratio PM / NM from Rüdesheim et al. 2025 supplement Table S13. AUC tlast 48 h; Cmax tlast 48 h.,200,,mg,PO,0,h,,,,,,,,,,,
900073,Chen 2015,,DGI-PAR-Chen2015_AS0.5_vs_AS2,Paroxetine,,PO,,CYP2D6 activity score,Plasma,7.400,,,,5.050,,,,0,96.000,0,96.000,h,1,DGI ratio AS0.5 / AS2 from Rüdesheim et al. 2025 supplement Table S13. AUC tlast 96 h; Cmax tlast 48 h.,25,,mg,PO,0,h,,,,,,,,,,,
900074,Chen 2015,,DGI-PAR-Chen2015_AS1_vs_AS2,Paroxetine,,PO,,CYP2D6 activity score,Plasma,3.680,,,,2.960,,,,0,72.000,0,72.000,h,1,DGI ratio AS1 / AS2 from Rüdesheim et al. 2025 supplement Table S13. AUC tlast 72 h; Cmax tlast 48 h.,25,,mg,PO,0,h,,,,,,,,,,,
900075,Chen 2015,,DGI-PAR-Chen2015_AS1.5_vs_AS2,Paroxetine,,PO,,CYP2D6 activity score,Plasma,1.610,,,,1.100,,,,0,72.000,0,72.000,h,1,DGI ratio AS1.5 / AS2 from Rüdesheim et al. 2025 supplement Table S13. AUC tlast 72 h; Cmax tlast 48 h.,25,,mg,PO,0,h,,,,,,,,,,,
900076,Sindrup 1992,,DGI-PAR-Sindrup1992_PM_vs_NM,Paroxetine,,PO,,CYP2D6 activity score,Plasma,2.350,,,,1.550,,,,0,96.000,0,96.000,h,1,DGI ratio PM / NM from Rüdesheim et al. 2025 supplement Table S13. AUC tlast 96 h; Cmax tlast 96 h.,30,,mg,PO,0,h,,,,,,,,,,,
900077,Mürdter 2016,,DGI-PAR-Mrdter2016_AS0_vs_AS2,Paroxetine,,PO,,CYP2D6 activity score,Plasma,3.800,,,,1.570,,,,0,144.000,0,144.000,h,1,DGI ratio AS0 / AS2 from Rüdesheim et al. 2025 supplement Table S13. AUC tlast 144 h; Cmax tlast 144 h.,40,,mg,PO,0,h,,,,,,,,,,,
900078,Mürdter 2016,,DGI-PAR-Mrdter2016_AS0.5_vs_AS2,Paroxetine,,PO,,CYP2D6 activity score,Plasma,2.380,,,,1.410,,,,0,144.000,0,144.000,h,1,DGI ratio AS0.5 / AS2 from Rüdesheim et al. 2025 supplement Table S13. AUC tlast 144 h; Cmax tlast 144 h.,40,,mg,PO,0,h,,,,,,,,,,,
900079,Mürdter 2016,,DGI-PAR-Mrdter2016_AS0.75_vs_AS2,Paroxetine,,PO,,CYP2D6 activity score,Plasma,4.530,,,,1.570,,,,0,144.000,0,144.000,h,1,DGI ratio AS0.75 / AS2 from Rüdesheim et al. 2025 supplement Table S13. AUC tlast 144 h; Cmax tlast 144 h.,40,,mg,PO,0,h,,,,,,,,,,,
900080,Mürdter 2016,,DGI-PAR-Mrdter2016_AS1_vs_AS2,Paroxetine,,PO,,CYP2D6 activity score,Plasma,2.050,,,,0.990,,,,0,144.000,0,144.000,h,1,DGI ratio AS1 / AS2 from Rüdesheim et al. 2025 supplement Table S13. AUC tlast 144 h; Cmax tlast 144 h.,40,,mg,PO,0,h,,,,,,,,,,,
900081,Mürdter 2016,,DGI-PAR-Mrdter2016_AS3_vs_AS2,Paroxetine,,PO,,CYP2D6 activity score,Plasma,0.510,,,,0.680,,,,0,144.000,0,144.000,h,1,DGI ratio AS3 / AS2 from Rüdesheim et al. 2025 supplement Table S13. AUC tlast 144 h; Cmax tlast 144 h.,40,,mg,PO,0,h,,,,,,,,,,,
900082,Yoon 2000,,DGI-PAR-Yoon2000_AS0_vs_AS2,Paroxetine,,PO,,CYP2D6 activity score,Plasma,5.890,,,,4.880,,,,0,240.000,0,240.000,h,1,DGI ratio AS0 / AS2 from Rüdesheim et al. 2025 supplement Table S13. AUC tlast 240 h; Cmax tlast 48 h.,40,,mg,PO,0,h,,,,,,,,,,,
900083,Yoon 2000,,DGI-PAR-Yoon2000_AS0.5_vs_AS2,Paroxetine,,PO,,CYP2D6 activity score,Plasma,1.490,,,,1.430,,,,0,192.000,0,192.000,h,1,DGI ratio AS0.5 / AS2 from Rüdesheim et al. 2025 supplement Table S13. AUC tlast 192 h; Cmax tlast 48 h.,40,,mg,PO,0,h,,,,,,,,,,,
900084,Yoon 2000,,DGI-PAR-Yoon2000_AS1.25_vs_AS2,Paroxetine,,PO,,CYP2D6 activity score,Plasma,1.380,,,,1.380,,,,0,96.000,0,96.000,h,1,DGI ratio AS1.25 / AS2 from Rüdesheim et al. 2025 supplement Table S13. AUC tlast 96 h; Cmax tlast 24 h.,40,,mg,PO,0,h,,,,,,,,,,,
900085,Bondolfi 2002,,DGI-RIS-Bondolfi2002_PM_vs_NM,Risperidone,,PO,,CYP2D6 activity score,Plasma,6.180,,,,3.290,,,,0,24.000,0,24.000,h,1,DGI ratio PM / NM from Rüdesheim et al. 2025 supplement Table S13. AUC tlast 24 h; Cmax tlast 24 h.,2,,mg,PO,0,h,,,,,,,,,,,
